split,arm,method,observations,term_accuracy,exact_triplet_rate,rule_score,calibration_score
final,low,direct,120,0.169444,0.158333,0.058333,0.859903
final,low,ensemble,12,0.333333,0.333333,0.166667,0.547619
final,low,collaboration,12,0.583333,0.583333,0.500000,0.766450
final,medium,direct,120,0.605556,0.558333,0.333333,0.746765
final,medium,ensemble,12,0.916667,0.916667,0.500000,0.914908
final,medium,collaboration,12,0.916667,0.916667,0.500000,0.994733
